id	created_utc	url
eyyw4f	1580857160	https://www.reddit.com/r/Coronavirus/comments/eyyw4f/where_are_the_wildlife_affected_by_the_virus/
eyyvxb	1580857143	https://www.reddit.com/r/Coronavirus/comments/eyyvxb/only_old_people_and_young_children_are_at_risk/
eyyuml	1580857011	https://www.reddit.com/r/Coronavirus/comments/eyyuml/what_is_your_best_educated_guess_on_the_real/
eyyssf	1580856818	https://www.reddit.com/r/Coronavirus/comments/eyyssf/it_is_safe_to_say_that_maggie_is_the_only_food/
eyysji	1580856795	https://i.redd.it/dwakpmidlze41.jpg
eyysj4	1580856794	https://www.reddit.com/r/Coronavirus/comments/eyysj4/how_are_chinese_stocks_up/
eyyr70	1580856661	https://www.reddit.com/r/Coronavirus/comments/eyyr70/listening_to_fireems_scanners/
eyyr6i	1580856660	https://www.reddit.com/r/Coronavirus/comments/eyyr6i/advice_spouse_works_at_major_theme_park_in/
eyyqo8	1580856614	https://www.azibase.com/2020/02/coronavirus-whistleblower-who-secretly.html?m=1
eyyqdv	1580856581	https://www.youtube.com/watch?v=A6ml7dqKt9w&amp;feature=share
eyyqbs	1580856575	https://www.reddit.com/r/Coronavirus/comments/eyyqbs/article_about_fake_cures/
eyyq40	1580856552	https://www.reddit.com/r/Coronavirus/comments/eyyq40/can_we_start_having_an_honest_conversation_about/
eyypqm	1580856513	https://www.reddit.com/r/Coronavirus/comments/eyypqm/article_about_fake_cures/
eyyo6h	1580856348	https://www.reddit.com/r/Coronavirus/comments/eyyo6h/we_have_6_cases_here_in_cali_i_just_want_to_say/
eyyo2n	1580856335	https://www.reddit.com/r/Coronavirus/comments/eyyo2n/help_needed_accessing_thai_nnt_article/
eyym6e	1580856129	https://www.reddit.com/r/Coronavirus/comments/eyym6e/conspiracy_thread/
eyylnn	1580856071	https://www.reddit.com/r/Coronavirus/comments/eyylnn/potential_health_risks_when_infected_with_the/
eyykh8	1580855944	https://www.reddit.com/r/Coronavirus/comments/eyykh8/can_we_start_having_a_honest_conversation/
eyyj3m	1580855793	https://youtu.be/NC1cq78pROM
eyyh6t	1580855596	https://i.redd.it/1itd9y3thze41.jpg
eyyh4j	1580855590	https://www.reddit.com/r/Coronavirus/comments/eyyh4j/do_people_think_that_the_san_francisco_cny_parade/
eyygzl	1580855575	https://www.reddit.com/r/Coronavirus/comments/eyygzl/at_what_point_do_you_take_your_kids_out_of_public/
eyygs4	1580855550	https://i.redd.it/is5j5gaohze41.jpg
eyyfee	1580855412	https://www.reddit.com/r/Coronavirus/comments/eyyfee/how_deadly_is_the_corona_virus_for_me/
eyydmx	1580855229	https://www.reddit.com/r/Coronavirus/comments/eyydmx/information_transparency_of_the_2019ncov/
eyyct9	1580855144	https://www.reddit.com/r/Coronavirus/comments/eyyct9/is_there_concern_over_reinfection/
eyycpv	1580855132	https://www.reddit.com/r/Coronavirus/comments/eyycpv/update_now_23865_confirmed_with_492_deathscases/
eyycp9	1580855130	https://www.reddit.com/r/Coronavirus/comments/eyycp9/newspaper_article_from_hubei_province/
eyybqz	1580855034	https://imgur.com/ckhlAfX
eyyaf0	1580854891	https://i.redd.it/9mppu1opfze41.jpg
eyya2r	1580854859	https://www.bloombergquint.com/politics/thailand-s-coronavirus-cases-jump-to-25-with-one-seriously-ill
eyy9jy	1580854808	https://www.reddit.com/r/Coronavirus/comments/eyy9jy/hyundai_stopped_production/
eyy919	1580854751	https://www.reddit.com/r/Coronavirus/comments/eyy919/ask_rcoronavirus_if_most_people_in_the_us_arent/
eyy8si	1580854724	https://www.reddit.com/r/Coronavirus/comments/eyy8si/for_those_of_you_with_a_case_already_confirmed_in/
eyy8o5	1580854710	https://www.reddit.com/r/Coronavirus/comments/eyy8o5/23865_infected_492_dead_hubei_only_update/
eyy8o1	1580854709	https://www.reddit.com/r/Coronavirus/comments/eyy8o1/festivals/
eyy8fm	1580854689	https://www.nytimes.com/reuters/2020/02/04/world/asia/04reuters-china-health-thailand.html
eyy82l	1580854649	https://www.reddit.com/r/Coronavirus/comments/eyy82l/men_being_more_severely_effected_by_coronavirus/
eyy7al	1580854569	https://www.reddit.com/r/Coronavirus/comments/eyy7al/8yo_boy_in_brisbane_confimed_case/
eyy71m	1580854541	https://twitter.com/htommy998/status/1224737332978274305?s=09
eyy6kl	1580854487	https://www.thejakartapost.com/news/2020/02/04/thailand-confirms-six-new-coronavirus-cases-including-four-thais.html
eyy629	1580854433	http://archive.is/F04r7
eyy4oz	1580854296	https://www.reddit.com/r/Coronavirus/comments/eyy4oz/is_it_possible_the_virus_is_contagious_and_more/
eyy3xz	1580854216	https://www.reddit.com/r/Coronavirus/comments/eyy3xz/keep_calm_please_the_panic_of_an_epidemic_can/
eyy1ki	1580853948	https://medium.com/@james.al.w/coping-with-coronavirus-anxiety-8891d5c84c2f?source=friends_link&amp;sk=cb5300d999277703dae0cf3ac342ff86
eyxzwi	1580853780	https://www.reddit.com/r/Coronavirus/comments/eyxzwi/why_is_nobody_talking_about_this/
eyxv8b	1580853288	https://www.unz.com/article/do-you-know-all-coronavirus-victims-appear-to-be-chinese-thought-not/
eyxuwr	1580853257	https://www.reddit.com/r/Coronavirus/comments/eyxuwr/what_to_do_re_dog_bathroom_during/
eyxucc	1580853198	https://www.reddit.com/r/Coronavirus/comments/eyxucc/place_your_bets/
eyxuag	1580853194	https://i.redd.it/jpdglvknaze41.jpg
eyxtkb	1580853124	https://www.reddit.com/r/Coronavirus/comments/eyxtkb/sry_becouse_its_not_with_virus_but_i_really_need/
eyxso1	1580853038	https://www.reddit.com/r/Coronavirus/comments/eyxso1/sick_girl_who_came_from_china_decides_not_to_go/
eyxryt	1580852967	https://www.youtube.com/watch?v=tcTSSnhQLNQ
eyxru6	1580852954	https://www.reddit.com/r/Coronavirus/comments/eyxru6/second_case_of_coronavirus_identified_in/
eyxr22	1580852877	https://www.youtube.com/watch?v=0YMe59D4LWU
eyxo9a	1580852579	https://www.reddit.com/r/Coronavirus/comments/eyxo9a/question_on_mortality_rate/
eyxmu7	1580852428	https://www.reddit.com/r/Coronavirus/comments/eyxmu7/on_cremation_rates_maybe_wuhan_death_statistics/
eyxmtc	1580852425	https://www.foxnews.com/health/south-korean-woman-coronavirus-thailand
eyxmbc	1580852371	https://www.reddit.com/r/Coronavirus/comments/eyxmbc/travel_in_se_asia/
eyxkkg	1580852182	https://i.redd.it/5gy2l6kn7ze41.jpg
eyxk3t	1580852133	https://www.reddit.com/r/Coronavirus/comments/eyxk3t/singapore_patient_presented_symptoms_but_because/
eyxjj0	1580852069	https://www.youtube.com/watch?v=HW5fX6J6vGg&amp;feature=share
eyxjd7	1580852053	https://www.reddit.com/r/Coronavirus/comments/eyxjd7/mods_of_china_flu_banning_and_then_muting_when/
eyxiul	1580852000	https://twitter.com/fiteray/status/1224714854046371840
eyxhlr	1580851880	https://i.redd.it/2cbp755o6ze41.png
eyxdnd	1580851480	https://www.reddit.com/r/Coronavirus/comments/eyxdnd/maybe_gods_punishment_for_the_internment_camps/
eyxd2t	1580851424	https://www.reddit.com/r/Coronavirus/comments/eyxd2t/is_possible_the_virus_could_breakout_in_another/
eyxcz3	1580851414	https://www.reddit.com/r/Coronavirus/comments/eyxcz3/key_dilema_to_solve_providing_oxygen_to_2030_of/
eyxcv3	1580851403	https://www.reddit.com/r/Coronavirus/comments/eyxcv3/international_society_for_infectious_disease/
eyxb7d	1580851243	https://www.reddit.com/r/Coronavirus/comments/eyxb7d/what_happens_when_no_one_can_pay_their/
eyxb5j	1580851237	https://www.cnbc.com/2020/02/04/researchers-say-the-coronavirus-may-be-more-contagious-than-current-data-shows.html
eyxa6s	1580851145	https://www.reddit.com/r/Coronavirus/comments/eyxa6s/am_i_over_reacting/
eyx9ht	1580851075	https://www.reddit.com/r/Coronavirus/comments/eyx9ht/coronavirus_deaths_nsfw/
eyx8qy	1580850991	https://www.reddit.com/r/Coronavirus/comments/eyx8qy/anyone_else_locking_in_gains_in_the_stock_market/
eyx8on	1580850983	https://www.reddit.com/r/Coronavirus/comments/eyx8on/use_this_time_to_your_advantage_to_prepare_people/
eyx8oe	1580850983	https://i.redd.it/fc1b5rk14ze41.png
eyx87f	1580850932	https://i.redd.it/rbgqj9ux3ze41.jpg
eyx7wk	1580850899	https://www.soundhealthandlastingwealth.com/health-news/american-child-evacuated-from-china-amid-is-coronavirus-hospitalized-with-fever/
eyx6fh	1580850748	https://www.reuters.com/article/us-china-health-hedgefunds/hedge-funds-hold-their-nerve-on-china-seek-opportunities-idUSKBN1ZY12B
eyx5wg	1580850697	https://www.dailymail.co.uk/health/article-7960423/The-Latest-Shanghai-index-drops-8-virus-outbreak-grows.html?ito=social-facebook&amp;fbclid=IwAR3QVnu5Joqc2j0ThcOqcZQZ-uPULXBC1Iwe-W_ivRJ2gICwjm1UxVNGARM
eyx5ly	1580850666	https://www.reddit.com/r/Coronavirus/comments/eyx5ly/for_anyone_who_had_questions_re_the_stock_market/
eyx4by	1580850531	https://www.reddit.com/r/Coronavirus/comments/eyx4by/video_9_from_dr_john_campbell_drill_down_detail/
eyx49p	1580850525	https://www.reddit.com/r/Coronavirus/comments/eyx49p/ningbo_china_biggest_harborport_under_lockdown/
eyx3h2	1580850433	https://i.redd.it/04xrh52a2ze41.jpg
eyx1zc	1580850276	https://www.bbc.co.uk/news/world-asia-china-51368873
eyx0ec	1580850124	https://www.reddit.com/r/Coronavirus/comments/eyx0ec/mobilization_of_medical_teamstesting_kits_testing/
eyx01b	1580850086	https://www.atsjournals.org/doi/full/10.1164/rccm.200909-1445ED
eywz61	1580849999	https://www.statnews.com/2020/02/04/high-profile-report-on-asymptomatic-spread-of-coronavirus-based-on-faulty-information-health-officials-say/
eywz5r	1580849999	https://www.reddit.com/r/Coronavirus/comments/eywz5r/the_infections_would_have_peaked_modelling/
eywyv5	1580849968	https://www.reddit.com/r/Coronavirus/comments/eywyv5/chinese_press_conference_question_about_how_long/
eywyrd	1580849958	https://www.facebook.com/roger.schwendeman/posts/10157588811860073
eywwm8	1580849748	http://crweworld.com/article/world/1404227/coronavirus-un-health-agency-moves-fast-to-tackle-infodemic-guterres-warns-against-stigmatization-
eywt8q	1580849407	https://mp.weixin.qq.com/s/Oi4GBIdM1KmlQuuuGzRjsg
eywrw0	1580849257	https://www.reddit.com/r/Coronavirus/comments/eywrw0/good_thing_most_of_the_people_in_america_with/
eywrhb	1580849211	https://i.redd.it/bfv7ecjtyye41.jpg
eywr2p	1580849167	https://www.reddit.com/r/Coronavirus/comments/eywr2p/variables_in_estimatingconfirming_cases/
eywqnt	1580849119	https://www.reddit.com/r/Coronavirus/comments/eywqnt/tedros_and_katy_perry_for_the_ccp/
eywpto	1580849022	https://www.reddit.com/r/Coronavirus/comments/eywpto/plague_inc_game_irony_on_infections/
eywm9p	1580848641	https://nypost.com/2020/02/04/coronavirus-patient-went-on-mexico-city-vacation-before-flying-back-to-los-angeles/
eywh8f	1580848109	https://www.reddit.com/r/Coronavirus/comments/eywh8f/bitcoin_graph_when_hit_20000/
eywgn7	1580848049	https://www.reddit.com/r/Coronavirus/comments/eywgn7/question_to_the_doctors_participating_in_the/
eywfyv	1580847980	https://www.reddit.com/r/Coronavirus/comments/eywfyv/reading_around_here_a_lot_lately_and_i_constantly/
eywf38	1580847891	https://chicago.cbslocal.com/2020/02/04/joliet-police-search-for-i-have-coronavirus-suspects-who-sprayed-food-at-walmart/
eyw8yo	1580847252	https://www.reddit.com/r/Coronavirus/comments/eyw8yo/wuhan_city_stats_not_just_hubei_province/
eyw7cz	1580847081	https://www.reddit.com/r/Coronavirus/comments/eyw7cz/just_so_you_know_people_have_started_stocking_up/
eyw5tq	1580846913	https://lloyd-smithlab.shinyapps.io/travelScreeningModel/?platform=hootsuite
eyw557	1580846841	https://i.redd.it/rzl1rcaqrye41.jpg
eyw0h1	1580846387	https://www.reddit.com/r/Coronavirus/comments/eyw0h1/this_is_not_how_the_world_responds_to_a_flu/
eyvzei	1580846278	https://www.reddit.com/r/Coronavirus/comments/eyvzei/worried_usa_nurse_here/
eyvxr5	1580846114	https://i.redd.it/zxl3zn2mpye41.jpg
eyvxim	1580846088	https://www.reddit.com/r/Coronavirus/comments/eyvxim/just_asking_what_about_the_rich_and_powerful/
eyvwe1	1580845981	https://www.reddit.com/r/Coronavirus/comments/eyvwe1/general_question_sorry_if_wrong_thread/
eyvwd3	1580845978	https://www.reddit.com/r/Coronavirus/comments/eyvwd3/updates_on_nonchinese_cases/
eyvuw5	1580845838	https://www.reddit.com/r/Coronavirus/comments/eyvuw5/ive_heard_that_only_chinese_people_can_die_from/
eyvqkk	1580845401	https://www.reddit.com/r/Coronavirus/comments/eyvqkk/do_we_know_the_average_and_median_age_of_the_dead/
eyvmvt	1580845016	https://www.reddit.com/r/Coronavirus/comments/eyvmvt/global_travel_risk/
eyvlid	1580844872	https://www.reddit.com/r/Coronavirus/comments/eyvlid/did_china_actually_preplanned_this_outbreak/
eyvkci	1580844762	https://www.reddit.com/r/Coronavirus/comments/eyvkci/help_with_stocking_on_supplies/
eyvic7	1580844555	https://www.reddit.com/r/Coronavirus/comments/eyvic7/going_through_us_airport_security_with_an_n95/
eyvi4u	1580844535	https://www.reddit.com/r/Coronavirus/comments/eyvi4u/wuhan_medic_says_there_are_many_more_deaths_than/
eyvi2p	1580844529	https://www.reddit.com/r/Coronavirus/comments/eyvi2p/global_travel_risk/
eyvhw8	1580844508	https://www.reddit.com/r/Coronavirus/comments/eyvhw8/question_hope_for_the_best_plan_for_the_worst/
eyvgfo	1580844358	https://imgur.com/hT5GnoY
eyvgd4	1580844349	https://v.redd.it/xvwruehckye41
eyve4n	1580844127	https://www.reddit.com/r/Coronavirus/comments/eyve4n/influenza_in_the_us_has_infected_25m_people_and/
eyvd8i	1580844038	https://www.reddit.com/r/Coronavirus/comments/eyvd8i/question_regarding_fatality_rate_vs_sars/
eyvcxo	1580844007	https://i.redd.it/ctmmfqmcjye41.jpg
eyvcgk	1580843955	https://y.yarn.co/e2292585-521f-4279-b404-c76182ee85ce_text.gif
eyvay6	1580843802	https://www.reddit.com/r/Coronavirus/comments/eyvay6/so_turns_out_the_student_in_the_uk_who_was/
eyvail	1580843761	https://www.reddit.com/r/Coronavirus/comments/eyvail/epidemic_vs_pandemic_whats_the_difference/
eyvai5	1580843760	https://www.reddit.com/r/Coronavirus/comments/eyvai5/before_leaving_china_for_the_us_my_best_friend/
eyv4ws	1580843197	https://i.redd.it/nle1ovrxgye41.jpg
eyv3rr	1580843078	https://www.reddit.com/r/Coronavirus/comments/eyv3rr/prognosis_based_on_who_situation_report_numbers/
eyv11r	1580842809	https://www.reddit.com/r/Coronavirus/comments/eyv11r/ph_failed_to_trace_most_of_the_people_that_were/
eyv0pr	1580842779	https://i.redd.it/mh83vu4pfye41.jpg
eyv0ow	1580842776	https://www.reddit.com/r/Coronavirus/comments/eyv0ow/is_coronavirus_a_biological_weapon/
eyuyz1	1580842597	https://www.reddit.com/r/Coronavirus/comments/eyuyz1/consider_just_about_every_er_room_in_the_us/
eyuvtb	1580842280	https://youtu.be/n2kxBKoxvuk
eyuvfx	1580842240	https://www.reddit.com/r/China_Flu/comments/eyrxsw/wuhans_28yearold_doctor_died_of_exhaustion/
eyuv95	1580842223	https://www.reddit.com/r/Coronavirus/comments/eyuv95/how_often_do_you_need_to_change_the_p100_filters/
eyutf0	1580842041	https://www.youtube.com/watch?v=TsyujjitOFM&amp;
eyut52	1580842012	https://i.redd.it/17n80mrddye41.png
eyuskp	1580841955	https://www.reddit.com/r/Coronavirus/comments/eyuskp/coronavirus_all_you_need_to_know/
eyusce	1580841927	https://www.reddit.com/r/Coronavirus/comments/eyusce/dont_worry_guys_only_400_people_have_died/
eyurx3	1580841879	https://www.reddit.com/r/Coronavirus/comments/eyurx3/taiwan_is_hurting_because_of_chinas_evil_policies/
eyuq6h	1580841693	https://www.reddit.com/r/Coronavirus/comments/eyuq6h/munich_germany_on_the_ground/
eyuotg	1580841554	https://www.reddit.com/r/Coronavirus/comments/eyuotg/eye_transmission_cases_confirmed/
eyuo7n	1580841487	https://www.reddit.com/r/Coronavirus/comments/eyuo7n/what_number_should_we_add_into_our_calculations/
eyuo3h	1580841473	https://www.brusselstimes.com/all-news/belgium-all-news/93361/first-case-of-coronavirus-confirmed-in-belgium/
eyuk5o	1580841064	https://youtu.be/ECWTBIYcR0I
eyuj4m	1580840955	https://www.reddit.com/r/Coronavirus/comments/eyuj4m/stock_market_is_higher/
eyui8v	1580840868	https://www.reddit.com/r/Coronavirus/comments/eyui8v/what_is_the_worst_case_scenario_of_a_global/
eyug2t	1580840650	https://www.straitstimes.com/singapore/coronavirus-spore-reports-first-cases-of-local-transmission-4-out-of-6-new-cases-did-not?utm_source=Telegram&amp;utm_medium=Social&amp;utm_campaign=STTG
eyuf3r	1580840557	https://www.reddit.com/r/Coronavirus/comments/eyuf3r/travelling_to_malaysia_from_uk/
eyue3p	1580840459	https://youtu.be/XgBzmohE92A
eyucqd	1580840321	https://www.reddit.com/r/Coronavirus/comments/eyucqd/jennifer_zengs_vlo_twitter_are_disturbing/
eyuaqf	1580840118	https://www.reddit.com/r/Coronavirus/comments/eyuaqf/we_must_assume_containment_for_coronavirus_will/
eyuagh	1580840086	https://www.reddit.com/r/Coronavirus/comments/eyuagh/damn_the_windows_10_assistant_is_killing_people/
eyuacr	1580840074	https://i.redd.it/sh2lwkhn7ye41.jpg
eyu8ta	1580839913	https://www.reddit.com/r/Coronavirus/comments/eyu8ta/can_the_world_banks_just_keep_pumping_in_money/
eyu8qo	1580839905	https://www.reddit.com/r/Coronavirus/comments/eyu8qo/this_very_rare_sort_of_language_to_hear/
eyu8kj	1580839884	https://www.reddit.com/r/Coronavirus/comments/eyu8kj/high_thoughts_in_a_school_classroom/
eyu83u	1580839834	https://www.reddit.com/r/Coronavirus/comments/eyu83u/vacation_during_summer/
eyu6k6	1580839671	https://thehill.com/changing-america/well-being/prevention-cures/481367-who-coronavirus-outbreak-not-yet-pandemic
eyu4wv	1580839499	https://twitter.com/bdulhamidtoprak/status/1224749856532652032?s=21
eyu1y6	1580839225	https://www.cnbc.com/video/2020/02/04/we-must-assume-containment-for-coronavirus-will-fail-in-the-us-says-johns-hopkins-amesh-adalja.html
eyu1lh	1580839191	https://www.reddit.com/r/Coronavirus/comments/eyu1lh/california_husband_and_wife_infected_with/
eyu0xk	1580839125	https://globalnews.ca/news/6503789/false-coronavirus-claim-passenger-westjet-toronto-jamaica/
eytz1m	1580838935	https://www.reddit.com/r/Coronavirus/comments/eytz1m/how_longoften_can_you_wear_ffp3n95_masks/
eytxza	1580838825	https://www.reddit.com/r/Coronavirus/comments/eytxza/how_likely_is_it_for_travel_to_china_be_allowed/
eytxti	1580838808	https://www.reddit.com/r/Coronavirus/comments/eytxti/likely_cases_of_coronavirus_in_southern/
eytx2o	1580838731	https://www.reddit.com/r/Coronavirus/comments/eytx2o/passive_immunity_option_in_coronavirus/
eytwoq	1580838689	https://www.reddit.com/r/Coronavirus/comments/eytwoq/corona_virus_infects_over_20000_dead_bodies/
eytwj8	1580838676	https://i.redd.it/1mkl8srh3ye41.png
eytujd	1580838465	https://www.reddit.com/r/Coronavirus/comments/eytujd/new_cornell_ny_student_in_isolation_awaiting/
eytu56	1580838426	https://www.reddit.com/r/Coronavirus/comments/eytu56/both_deaths_outside_of_china_are_chinese_from/
eytty3	1580838406	https://www.reddit.com/r/Coronavirus/comments/eytty3/new_ithaca_ny_student_in_isolation_awaiting_test/
eyttl2	1580838370	https://i.redd.it/rvwmym4l2ye41.jpg
eyttej	1580838350	https://www.azibase.com/2020/02/chinas-first-coronavirus-hospital-opens.html?m=1
eytt5d	1580838319	https://www.reddit.com/r/Coronavirus/comments/eytt5d/a_dark_question/
eytt2u	1580838312	https://www.reddit.com/r/Coronavirus/comments/eytt2u/whenhow_should_someone_be_quarantined_on_arrival/
eytsxc	1580838296	https://i.redd.it/ngs933ad2ye41.jpg
eytsek	1580838245	https://www.reddit.com/r/Coronavirus/comments/eytsek/latest_official_who_statement_on_state_of/
eytr9n	1580838119	https://i.redd.it/psf62k9u1ye41.jpg
eytqji	1580838048	https://www.reddit.com/r/Coronavirus/comments/eytqji/our_company_banned_external_staff_from_entering/
eytq60	1580838008	https://www.reddit.com/r/Coronavirus/comments/eytq60/i_was_7th_us_citizen_to_test_positive_with_zika/
eytpng	1580837950	https://www.reddit.com/r/Coronavirus/comments/eytpng/who_wants_to_ruminate_together_on_this_article/
eytox1	1580837872	https://www.reddit.com/r/Coronavirus/comments/eytox1/one_of_my_coworkers_fully_intends_to_go_to_taiwan/
eytldd	1580837512	https://www.reddit.com/r/Coronavirus/comments/eytldd/where_should_we_invest_as_the_virus_impacts_the/
eytkq4	1580837441	https://www.youtube.com/watch?v=0HNZSePaYU4&amp;feature=share
eytiqu	1580837231	https://www.reddit.com/r/Coronavirus/comments/eytiqu/protect_yourself_and_others_dont_cough_or_sneeze/
eytiet	1580837192	https://youtu.be/g1HNnGAiRjo?t=87
eytheg	1580837091	https://www.reddit.com/r/Coronavirus/comments/eytheg/the_sun_vs_chinese_virus/
eytgvl	1580837037	https://i.redd.it/d7p3209myxe41.jpg
eytfup	1580836932	https://www.reddit.com/r/Coronavirus/comments/eytfup/coronavirus_vs_cbd_is_it_possible_that_cbd_offers/
eytdrb	1580836732	https://www.reddit.com/r/Coronavirus/comments/eytdrb/the_south_africans_still_stuck_in_wuhan_now_are/
eytdmc	1580836718	https://www.reddit.com/r/Coronavirus/comments/eytdmc/likely_cases_of_coronavirus_in_southern/
eytd5t	1580836671	https://www.reddit.com/r/Coronavirus/comments/eytd5t/shenzhen_package/
eytd34	1580836663	https://www.opednews.com/Quicklink/Uof-I-Expert-Says-Coronavi-in-General_News-Wuhan-Coronavirus-200204-341.html
eytd06	1580836655	https://www.nzherald.co.nz/world/news/article.cfm?c_id=2&amp;objectid=12305441
eytc5t	1580836569	https://www.reddit.com/r/Coronavirus/comments/eytc5t/keep_a_level_head/
eytam3	1580836401	https://www.reddit.com/r/Coronavirus/comments/eytam3/spanish_flu_of_1918_documentary_we_can_learn_from/
eyt7l7	1580836083	https://www.reddit.com/r/Coronavirus/comments/eyt7l7/suspected_corona_virus_patient_in_pakistan_was_on/
eyt7bk	1580836052	https://www.reddit.com/r/Coronavirus/comments/eyt7bk/this_100_could_be_used_to_kill_coronavirus_it_can/
eyt6ti	1580835995	https://www.change.org/p/tech-companies-2019-ncov-let-s-do-a-work-from-home-experiment-in-new-york
eyt4hg	1580835754	https://www.reddit.com/r/Coronavirus/comments/eyt4hg/video_from_within_a_wuhan_crematoria_2420/
eyt31j	1580835606	https://www.cnbc.com/2020/02/04/watch-world-health-organization-briefs-member-countries-on-coronavirus.html
eyt2pf	1580835571	https://www.reddit.com/r/Coronavirus/comments/eyt2pf/coronavirus_cure_the_domino_effect_video/
eyt2h1	1580835548	https://www.reddit.com/r/Coronavirus/comments/eyt2h1/affecting_asians_more_than_others/
eyt1p2	1580835463	https://www.reddit.com/r/Coronavirus/comments/eyt1p2/death_smog/
eyt0wr	1580835382	https://youtu.be/JGoCcFW2SoU/
eysx86	1580834999	https://www.reddit.com/r/Coronavirus/comments/eysx86/who_working_to_restore_flights_to_china/
eysvy1	1580834853	https://youtu.be/tNQef0Rgc-c
eysvvy	1580834847	https://www.reddit.com/r/Coronavirus/comments/eysvvy/who_working_on_recommendations_for_resuming/
eysvr8	1580834834	https://www.reddit.com/r/Coronavirus/comments/eysvr8/no_masks_in_germany_what_to_do/
eysv1u	1580834755	https://www.reddit.com/r/Coronavirus/comments/eysv1u/video_wuhan_native_living_in_beijing_talks_about/
eystmg	1580834601	https://i.redd.it/pr95rupdrxe41.jpg
eyssj0	1580834480	https://www.youtube.com/watch?v=u7D3AoNdp84&amp;t=927s
eysscd	1580834461	https://twitter.com/cdcgov/status/1224719446775869441?s=21
eysqv4	1580834304	https://www.reddit.com/r/Coronavirus/comments/eysqv4/reality_check/
eyspgq	1580834157	https://www.sciencemag.org/news/2020/02/paper-non-symptomatic-patient-transmitting-coronavirus-wrong?utm_source=share&amp;utm_medium=ios_app&amp;utm_name=iossmf
eysp0d	1580834110	https://www.reddit.com/r/Coronavirus/comments/eysp0d/whats_a_good_analogy_for_people_that_say_you/
eysnt8	1580833980	https://imgur.com/a/hEVBjbX
eysmgp	1580833837	https://www.reddit.com/r/Coronavirus/comments/eysmgp/mild_symptoms_dont_require_hospitalization/
eysjvk	1580833577	https://www.reddit.com/r/Coronavirus/comments/eysjvk/new_coronavirus_ro_of_41_massive_contagion_risk/
eysj5z	1580833501	https://www.reddit.com/r/Coronavirus/comments/eysj5z/is_china_going_back_to_work_on_feb_10/
eysfj7	1580833126	https://www.insidescience.org/video/doorknob-germs-can-infect-half-office-hours
eyseri	1580833047	https://www.reddit.com/r/Coronavirus/comments/eyseri/coronavirus_during_primaryelection_season/
eysblv	1580832712	https://photos.app.goo.gl/NTt5fbUCsEnYzeR99
eysba5	1580832676	https://i.redd.it/ffwk3cgnlxe41.jpg
eysb99	1580832674	https://www.reddit.com/r/Coronavirus/comments/eysb99/testing_to_see_if_i_can_post/
eysazv	1580832645	https://www.reddit.com/r/Coronavirus/comments/eysazv/24_updates_on_corona_virus_news_aggregation/
eysap9	1580832612	https://i.redd.it/n69iphmglxe41.jpg
eysahp	1580832591	https://www.reddit.com/r/Coronavirus/comments/eysahp/how_kerala_which_is_a_state_in_india_prepared/
eys9sc	1580832514	https://coinrivet.com/bitcoin-benefits-as-coronavirus-hits-chinese-economy/
eys9a6	1580832459	https://www.washingtonpost.com/world/2020/01/22/mapping-spread-new-coronavirus/?arc404=true
eys8pn	1580832397	https://www.reddit.com/r/Coronavirus/comments/eys8pn/current_coronavirus_cases_20700_confirmed_427/
eys5ni	1580832076	https://www.reddit.com/r/Coronavirus/comments/eys5ni/how_many_tests_can_for_nvov_can_cdc_do_on_a/
eys5kg	1580832070	https://www.reddit.com/r/Coronavirus/comments/eys5kg/when_will_used_electronics_prices_begin_rising/
eys4rg	1580831985	https://www.moneycrashers.com/prepare-next-pandemic/
eys3o7	1580831864	https://khn.org/morning-breakout/will-coronavirus-snowball-into-a-pandemic-some-optimistic-it-can-be-avoided-but-others-arent-so-sure/
eys2m5	1580831746	https://i.redd.it/brx83xetixe41.jpg
eys1vw	1580831666	https://www.reddit.com/r/Coronavirus/comments/eys1vw/check_this_out/
eys1o6	1580831645	https://i.redd.it/8842cr5lixe41.png
eys1gw	1580831622	https://imgur.com/a/HP98DE8
eys0ea	1580831503	https://www.reddit.com/r/Coronavirus/comments/eys0ea/new_case_in_oakville_ontario/
eyryuj	1580831335	https://www.reddit.com/r/Coronavirus/comments/eyryuj/how_kerala_which_is_a_state_in_india_prepared/
eyrxho	1580831187	https://www.reddit.com/r/Coronavirus/comments/eyrxho/sf_was_top_of_the_destination_city_list_outside/
eyrwp3	1580831101	https://www.youtube.com/watch?v=1I_UbNjZC5Y
eyrv63	1580830937	https://i.redd.it/nu6bfbkaexe41.png
eyrs8r	1580830617	https://www.reddit.com/r/Coronavirus/comments/eyrs8r/francis_boyle_wuhan_coronavirus_is_an_offensive/
eyrs32	1580830595	https://www.reddit.com/r/Coronavirus/comments/eyrs32/netflixs_pandemic_was_released_this_year_how/
eyrs30	1580830595	https://www.youtube.com/watch?v=RiTAJw4BZQA
eyrqo6	1580830432	https://www.reddit.com/r/Coronavirus/comments/eyrqo6/virus_at_my_auntys_workplace/
eyrpzr	1580830353	http://www.twitch.tv/fenixrising
eyrpi9	1580830299	https://www.reddit.com/r/Coronavirus/comments/eyrpi9/corona_virus_update_in_numbers_compared_to/
eyrpew	1580830285	https://www.reddit.com/r/Coronavirus/comments/eyrpew/wengzhou_lockdown_sparked_unrest/
eyro7v	1580830148	https://i.redd.it/k6iylcp4exe41.jpg
eyrn9o	1580830038	https://i.redd.it/114eqo7tdxe41.jpg
eyrmvw	1580829997	https://www.reddit.com/r/Coronavirus/comments/eyrmvw/which_mask_do_you_recommend/
eyrmmb	1580829965	https://i.redd.it/9mdn1aeldxe41.png
eyrlvj	1580829881	https://www.reddit.com/r/Coronavirus/comments/eyrlvj/very_strange_pattern_of_deaths_as_a_percentage_of/
eyrke5	1580829721	https://www.youtube.com/watch?v=pgkpspa3CLo&amp;feature=share
eyri7g	1580829478	https://www.reddit.com/r/Coronavirus/comments/eyri7g/h1n1_vs_coronavirus/
eyrgbt	1580829255	https://www.reddit.com/r/Coronavirus/comments/eyrgbt/i_highly_suggest_to_invest_in_codx_now_the_us/
eyrg4k	1580829233	https://www.reddit.com/r/Coronavirus/comments/eyrg4k/first_symptoms_to_death_time_of_14_days_what_does/
eyrfxs	1580829209	https://i.redd.it/3x2ms3jcbxe41.jpg
eyrfaa	1580829132	https://www.cnbc.com/2020/02/04/coronavirus-latest-updates.html
eyrdwx	1580828971	https://i.redd.it/k9lje60naxe41.png
eyrdff	1580828920	https://www.reddit.com/r/Coronavirus/comments/eyrdff/how_exactly_is_the_mortality_rate_calculated_and/
eyrbps	1580828719	https://www.reddit.com/r/Coronavirus/comments/eyrbps/lets_make_this_thread_a_little_more_positively/
eyr7s8	1580828275	https://www.reddit.com/r/Coronavirus/comments/eyr7s8/just_my_observation/
eyr63c	1580828072	https://i.redd.it/mwcptbpy7xe41.jpg
eyr5wt	1580828051	https://www.reddit.com/r/Coronavirus/comments/eyr5wt/dr_gregory_poland_discusses_the_2019ncov/
eyr5ov	1580828021	https://www.reddit.com/r/Coronavirus/comments/eyr5ov/just_saw_a_report_from_my_country_that_said/
eyr523	1580827947	https://www.reddit.com/r/Coronavirus/comments/eyr523/negligence_of_the_government_in_hong_kong/
eyr491	1580827854	https://www.reddit.com/r/Coronavirus/comments/eyr491/negligence_of_the_government_in_hong_kong/
eyr43u	1580827839	https://www.bbc.com/future/article/20181120-what-if-a-deadly-influenza-pandemic-broke-out-today
eyr3mt	1580827781	https://www.reddit.com/r/Coronavirus/comments/eyr3mt/should_people_in_china_be_forced_to_stay_there/
eyr31h	1580827713	https://i.redd.it/x7bye99w6xe41.jpg
eyr1z7	1580827582	https://i.redd.it/jfbab1ei6xe41.jpg
eyr1rq	1580827558	https://chp-dashboard.geodata.gov.hk/nia/en.html
eyr1gc	1580827516	https://i.redd.it/9pznt58b6xe41.jpg
eyr1bf	1580827498	https://i.redd.it/jeclv9696xe41.jpg
eyqus6	1580826688	https://www.statnews.com/2020/02/04/two-scenarios-if-new-coronavirus-isnt-contained/
eyqup1	1580826679	https://youtu.be/XVOtQKEgPik
eyqqq0	1580826194	https://www.reddit.com/r/Coronavirus/comments/eyqqq0/actual_evaluation_of_patient_in_usa/
eyqp6f	1580826007	https://www.reddit.com/r/Coronavirus/comments/eyqp6f/not_enough_people_are_talking_about_the_economic/
eyqnlm	1580825796	https://1stbatcavregusblog.wordpress.com/2020/01/28/coronavirus-u-s-officer-hospitalized-in-lithuania-in-critical-condition/
eyqnc4	1580825769	https://www.reddit.com/r/Coronavirus/comments/eyqnc4/drastic_escalation_of_advice_uk_says_all_30000_uk/
eyqn4v	1580825745	https://www.reddit.com/r/Coronavirus/comments/eyqn4v/question_on_timing_of_test_results_cdc_vs_japan/
eyqm13	1580825590	https://aschatria.github.io/coronavirus-vaccines-are-ok-but-probably-not-a-good-final-solution-for-the-ever-mutating-viruses/
eyqlmy	1580825539	http://zeeable.com/gossips-and-news/corona-virus/
eyqkmw	1580825414	https://www.worldometers.info/coronavirus/
eyqka3	1580825372	https://i.redd.it/ejap30pxzwe41.jpg
eyqj5g	1580825233	https://www.reddit.com/r/Coronavirus/comments/eyqj5g/so_has_anyone_noticed_this/
eyqhxc	1580825076	https://www.reddit.com/r/Coronavirus/comments/eyqhxc/eng_sub_4220_latest_chen_qiushi_inside_wuhan/
eyqfv0	1580824823	https://www.reddit.com/r/Coronavirus/comments/eyqfv0/who_too_much_so2_in_and_around_wuhan_right_now/
eyqf4o	1580824728	https://i.imgur.com/DMFnIsC.png
eyqenv	1580824667	https://www.cbc.ca/news/canada/toronto/coronavirus-plane-1.5450824
eyqefr	1580824636	https://imgur.com/gallery/2G2gXco
eyqbrq	1580824293	https://i.redd.it/0y3lsm5gwwe41.png
eyqbd4	1580824243	https://youtu.be/rwK1h96r7fY
eyqax4	1580824187	https://www.youtube.com/watch?v=TsyujjitOFM
eyq99l	1580823954	https://v.redd.it/enq2lzm6vwe41
eyq8zj	1580823914	https://i.redd.it/75y7b7olvwe41.jpg
eyq7h0	1580823720	https://www.reddit.com/r/Coronavirus/comments/eyq7h0/dont_believe_every_interpretation_you_read_from/
eyq0rz	1580822839	https://www.reddit.com/r/Coronavirus/comments/eyq0rz/video_from_dr_john_jan_31_study_from_nejm_of_us/
eyq0ro	1580822838	https://www.yahoo.com/news/chinese-doctor-silenced-police-outbreak-diagnosed-coronavirus-082032469.html
eypyxy	1580822589	https://i.redd.it/xjz3bbtnrwe41.jpg
eypxx1	1580822448	https://i.redd.it/2b8dofq8rwe41.jpg
eypws0	1580822293	https://www.reddit.com/r/Coronavirus/comments/eypws0/when_they_find_a_cure_for_corona_virus/
eypwne	1580822277	https://www.thedividenews.com/feature-coronavirus-by-the-numbers.html
eypwi7	1580822255	https://www.reddit.com/r/Coronavirus/comments/eypwi7/amazon_needs_to_step_up_and_starts_controlling/
eypwbq	1580822234	https://www.azibase.com/2020/02/china-admits-shortcomings-and.html?m=1
eypva1	1580822075	https://www.reddit.com/r/Coronavirus/comments/eypva1/the_number_of_deaths_increased_coronavirus/
eypv9u	1580822074	https://i.redd.it/q07t1r94qwe41.png
eypv54	1580822057	https://i.redd.it/sq7818h2qwe41.png
eypv0g	1580822041	https://i.redd.it/k9lxfzv0qwe41.png
eypri6	1580821537	https://www.reddit.com/r/Coronavirus/comments/eypri6/who_has_a_link_to_that_entire_apartment_room_that/
eypqdi	1580821394	https://www.reddit.com/r/Coronavirus/comments/eypqdi/rated_n95_to_n100_disposable_respirator_masks_are/
eypotv	1580821197	https://www.reddit.com/r/Coronavirus/comments/eypotv/come_down_with_the_flu_not_corona_but_doesnt/
eyporf	1580821186	https://www.reddit.com/r/Coronavirus/comments/eyporf/the_only_thing_scary_about_this_is_how_contagious/
eypn7g	1580820974	https://www.reddit.com/r/Coronavirus/comments/eypn7g/why_cant_i_scroll_back_beyond_february_2nd_on/
eyplt7	1580820784	https://www.reddit.com/r/Coronavirus/comments/eyplt7/cdc_update_on_novel_coronavirus_mon_feb_3/
eypljs	1580820741	https://i.redd.it/5xbxrpw5mwe41.jpg
eypl4u	1580820688	https://www.reddit.com/r/Coronavirus/comments/eypl4u/global_corona_virus_dashboard/
eypiq0	1580820338	https://i.redd.it/pjgi1oebkwe41.jpg
eypiga	1580820297	http://tapnewswire.com/2016/02/list-of-over-100-dead-microbiologists/
eypi0z	1580820230	https://www.reddit.com/r/Coronavirus/comments/eypi0z/is_ccp_actively_trying_to_get_other_countries/
eypczi	1580819492	https://www.reddit.com/r/Coronavirus/comments/eypczi/treatment_of_mask_based_on_research/
eypat0	1580819164	https://www.reddit.com/r/Coronavirus/comments/eypat0/international_cases_jump_considerably_today/
eyp9gl	1580818955	https://www.indianyogaassociation.com/blog/prevention-of-coronavirus.html
eyp9c4	1580818936	https://www.reddit.com/r/Coronavirus/comments/eyp9c4/wuhan_then_wenzhou_then/
eyp93t	1580818906	https://www.reddit.com/r/Coronavirus/comments/eyp93t/a_conversation_with_someone_in_beijing/
eyp930	1580818903	https://youtu.be/K5FrMhOWfNY
eyp7si	1580818706	https://www.bloomberg.com/news/articles/2020-02-04/world-s-biggest-gambling-hub-asked-to-halt-to-curb-virus-spread?utm_source=twitter&amp;utm_campaign=socialflow-organic&amp;cmpid=socialflow-twitter-business&amp;utm_medium=social&amp;utm_content=business
eyp6d7	1580818481	https://youtu.be/z0GU5fk88kI
eyp5pe	1580818378	https://www.reddit.com/r/Coronavirus/comments/eyp5pe/a_conversation_with_someone_in_beijing/
eyp5p3	1580818377	https://www.reddit.com/r/Coronavirus/comments/eyp5p3/a_conversation_with_someone_in_beijing/
eyp57o	1580818304	https://www.reddit.com/r/Coronavirus/comments/eyp57o/a_conversation_with_someone_in_beijing/
eyp496	1580818151	https://www.reddit.com/r/Coronavirus/comments/eyp496/traveling_concerns/
eyp3v8	1580818096	https://learnworthy.net/the-wuhan-coronavirus-poses-three-tests-for-global-public-health
eyp3c3	1580818008	https://www.reddit.com/r/Coronavirus/comments/eyp3c3/a_conversation_with_someone_in_beijing/
eyp34f	1580817975	https://www.reddit.com/r/Coronavirus/comments/eyp34f/a_conversation_with_someone_in_beijing/
eyp33x	1580817972	https://www.reddit.com/r/Coronavirus/comments/eyp33x/a_conversation_with_someone_in_beijing/
eyp1s7	1580817782	https://www.reddit.com/r/Coronavirus/comments/eyp1s7/something_is_wrong_in_china/
eyp1cp	1580817716	https://youtu.be/KVtoCOpbueo
eyp14r	1580817685	https://www.reddit.com/r/Coronavirus/comments/eyp14r/factsresident_of_guangzhouchina_speaking/
eyp0z3	1580817664	https://www.reddit.com/r/Coronavirus/comments/eyp0z3/a_conversation_with_someone_in/
eyp04l	1580817530	https://bhabeshbk.tumblr.com/post/190625024487/operations-dashboard-for-arcgis
eyoxnk	1580817139	https://www.reddit.com/r/Coronavirus/comments/eyoxnk/health_protection_guidelines_against_coronavirus/
eyowi8	1580816966	https://imgur.com/gallery/3XvdO1Y
eyovw8	1580816860	https://i.redd.it/juwcg9kmawe41.jpg
eyoul1	1580816638	https://www.reddit.com/r/Coronavirus/comments/eyoul1/conversation_with_someone_in_beijinghopefully_it/
eyouku	1580816637	https://www.reddit.com/r/Coronavirus/comments/eyouku/real_reporting_and_real_info_source/
eyoukj	1580816635	https://www.reddit.com/r/Coronavirus/comments/eyoukj/if_youre_an_average_healthy_person_how_dangerous/
eyoubu	1580816589	https://imgur.com/5OnBTC5
eyot0u	1580816363	https://www.reddit.com/r/Coronavirus/comments/eyot0u/zaful/
eyosua	1580816335	https://youtu.be/-uaqFpO499E
eyordx	1580816080	https://www.reddit.com/r/Coronavirus/comments/eyordx/is_this_the_alex_jones_channel/
eyoq78	1580815888	https://www.news.com.au/technology/online/censorship/china-cops-threaten-to-jail-people-for-seven-years-for-sharing-news-on-social-media-about-coronavirus-spread/news-story/de61e5b20f32ddf2b2f7fa6f878db51b
eyoq5a	1580815878	https://www.reddit.com/r/Coronavirus/comments/eyoq5a/coronavirus_is_a_social_trauma/
eyon1n	1580815348	https://v.redd.it/mj767z436we41
eyolpp	1580815124	https://www.reddit.com/r/Coronavirus/comments/eyolpp/uk_have_you_started_prepping_yet/
eyojzv	1580814818	https://www.reddit.com/r/Coronavirus/comments/eyojzv/is_south_africa_ready_for_corona_virus/
eyojhs	1580814732	https://coronavirusstats.herokuapp.com
eyoj2w	1580814663	https://www.youtube.com/watch?v=o_lh7rlq-Kg
eyoizz	1580814649	https://twitter.com/WarsontheBrink/status/1224636034568347648?s=19
eyoibo	1580814531	https://i.redd.it/hnqjwq5m3we41.jpg
eyohsz	1580814449	https://www.reddit.com/r/Coronavirus/comments/eyohsz/vaccine/
eyohbp	1580814362	https://www.houstonpublicmedia.org/articles/news/2020/02/03/359258/san-antonio-air-force-base-will-house-quarantined-evacuees-from-china-as-coronavirus-spreads/
eyogpd	1580814252	https://combatarena.ie/dr-francis-boyle-coronavirus-is-a-leak-from-wuhan-offensive-biological-weapons-laboratory/
eyog4s	1580814158	https://www.reddit.com/r/Coronavirus/comments/eyog4s/vlog_young_restaurant_owner_stays_in_wuhan_to/
eyodzh	1580813790	https://www.azibase.com/2020/02/coronavirus-scientists-hoping-to-treat.html?m=1
eyodxl	1580813785	https://www.reddit.com/r/Coronavirus/comments/eyodxl/coronavirus_by_country_latest/
eyod3a	1580813646	https://www.reddit.com/r/Coronavirus/comments/eyod3a/could_someone_help_with_debunking/
eyocvr	1580813610	https://www.reddit.com/r/Coronavirus/comments/eyocvr/why_does_the_ccp_leaders_dont_wear_protection/
eyocq2	1580813584	https://www.reddit.com/r/Coronavirus/comments/eyocq2/protecting_your_health_beyond_handwashing_and/
eyoazz	1580813286	https://i.redd.it/5gpwwpyzzve41.jpg
eyoae0	1580813172	https://www.reddit.com/r/Coronavirus/comments/eyoae0/3m_5n11_n95_filters_usage_time_reuse_sterilising/
eyoa19	1580813104	https://www.channelnewsasia.com/news/singapore/wuhan-virus-coronavirus-singapore-community-spread-tourists-12389314
eyo9cd	1580812972	https://taskboot.com/2020/02/04/japanese-evacuees-reveal-fundamental-secrets-of-new-coronavirus/
eyo8ny	1580812863	https://www.reddit.com/r/Coronavirus/comments/eyo8ny/how_coronavirus_could_impact_global_ecommerce/
eyo7rq	1580812697	https://trends.google.com/trends/explore?date=2019-12-17%202020-01-17&amp;geo=CN&amp;q=%E8%82%BA%E7%82%8E,%2Fm%2F0dq9p
eyo72p	1580812561	https://www.reddit.com/r/Coronavirus/comments/eyo72p/how_do_you_properly_use_a_face_mask/
eyo6rg	1580812503	https://twitter.com/jackherer307/status/1224623361747124226?s=09
eyo6ju	1580812461	https://imgur.com/NzEKTRY
eyo64f	1580812385	https://www.reddit.com/r/Coronavirus/comments/eyo64f/what_is_coronavirus_symptoms_and_protection/
eyo5zx	1580812361	https://i.redd.it/0gttkqu8xve41.jpg
eyo5t2	1580812330	https://www.yahoo.com/news/china-says-u-creating-spreading-074427005.html
eyo55j	1580812214	https://i.redd.it/oimx0byswve41.jpg
eyo2ht	1580811739	https://i.redd.it/lnlinqjtuve41.png
eyo2dv	1580811720	https://www.reddit.com/r/Coronavirus/comments/eyo2dv/danish_chief_medical_doctor_says_wearing_a_mask/
eyo1xd	1580811633	http://www.centerforhealthsecurity.org/event201/about
eyo0si	1580811431	https://www.reddit.com/r/Coronavirus/comments/eyo0si/guard_collapses/
eynycd	1580810982	https://www.reddit.com/r/Coronavirus/comments/eynycd/china_burning_bodies_en_masse/
eynwtk	1580810711	https://i.redd.it/866hxtgzrve41.jpg
eynwe0	1580810638	https://www.reddit.com/r/Coronavirus/comments/eynwe0/novel_coronavirus_singapore_reports_first_local/
eynwc8	1580810633	https://www.reddit.com/r/Coronavirus/comments/eynwc8/south_australian_authorities_seize_phones_to/
eynreh	1580809764	https://m.timesofindia.com/city/delhi/coronavirus-case-5-in-manesar-camp-develop-symptoms-sent-to-army-hospital-in-delhi/articleshow/73920488.cms
eynqyl	1580809687	https://www.reddit.com/r/Coronavirus/comments/eynqyl/can_one_contract_the_nconv_2019_via_swimming_at_a/
eynqnw	1580809634	https://www.reddit.com/r/Coronavirus/comments/eynqnw/best_place_to_hunker_down_during_pandemic/
eynpi3	1580809409	https://i.redd.it/aa5ee4qgove41.jpg
eynph0	1580809401	https://youtu.be/JEvGs4Ik6h0
eynozq	1580809322	https://www.youtube.com/watch?v=M6QT9ZbDuYE
eynob5	1580809182	https://www.reddit.com/r/Coronavirus/comments/eynob5/thaivisa_is_quoting_reuters_that_6_more_confirmed/
eynn7r	1580808963	http://chng.it/7BG7TTrS4X
eynlv3	1580808709	https://www.reddit.com/r/Coronavirus/comments/eynlv3/just_want_to_hear_some_thoughts_on_my_previous/
eynj4g	1580808179	https://v.redd.it/v3cn19qdkve41
eyngsu	1580807749	https://www.reddit.com/r/Coronavirus/comments/eyngsu/braking_24600_deaths_confirmed_by_chinese/
eyngm3	1580807714	https://www.reddit.com/r/Coronavirus/comments/eyngm3/is_it_safe_to_visit_china_now/
eynft8	1580807557	https://www.reddit.com/r/Coronavirus/comments/eynft8/prepping_for_pandemic_or_loss_of_local_food/
eyndeb	1580807099	https://www.ncbi.nlm.nih.gov/pmc/articles/PMC2818642/
eynddb	1580807091	https://www.reddit.com/r/Coronavirus/comments/eynddb/how_safe_is_air_travel_at_the_moment/
eynda3	1580807071	https://www.reddit.com/r/Coronavirus/comments/eynda3/coronavirus_latest_update_corona_virus_death/
eyncdt	1580806927	https://kr-asia.com/life-as-a-reporter-trapped-in-hubei-ground-zero-of-the-coronavirus-outbreak
eyna29	1580806492	https://www.reddit.com/r/Coronavirus/comments/eyna29/russian_coronavirus_drug_started_testing_in_china/
eyn9co	1580806345	https://www.reddit.com/r/biology/comments/eyn32k/2019ncov_does_not_just_cause_pneumonia_in_lungs/?utm_source=share&amp;utm_medium=ios_app&amp;utm_name=iossmf
eyn8sw	1580806263	https://www.reddit.com/r/Coronavirus/comments/eyn8sw/peak_in_10_days_according_to_who_representative/
eyn8hw	1580806206	https://v.redd.it/5nkse5eqeve41
eyn70w	1580805922	https://edmontonjournal.com/news/local-news/university-of-alberta-researcher-touts-salt-coated-surgical-masks-as-shield-against-disease
eyn6xw	1580805909	https://youtu.be/yNjyHgY1fjU
eyn6e1	1580805805	https://twitter.com/evdefender
eyn5fb	1580805621	https://www.reddit.com/r/Coronavirus/comments/eyn5fb/last_4_days_2149_new_cases2589_new_cases2825_new/
eyn55b	1580805564	https://www.reddit.com/r/Coronavirus/comments/eyn55b/i_eat_a_hot_dog_from_woooohan_shalould_i_be/
eyn3e4	1580805234	https://www.reddit.com/r/Coronavirus/comments/eyn3e4/if_someone_gets_sick_what_is_the_difference_in/
eyn28l	1580805023	https://www.reddit.com/r/Coronavirus/comments/eyn28l/studying_abroad_in_seoul_leaving_next_week/
eyn26s	1580805014	https://www.youtube.com/watch?v=54X8Nk0WMkg
eyn0nt	1580804718	https://www.youtube.com/watch?v=30v5-ocFm3g
eymzp0	1580804532	https://twitter.com/IsChinar/status/1224563940354600960
eymylt	1580804328	https://www.reddit.com/r/Coronavirus/comments/eymylt/i_just_got_an_item_shipped_from_china/
eymx5r	1580804062	https://www.nst.com.my/business/2020/02/562442/supermax-sending-extra-2m-gloves-wuhan
eymv32	1580803697	https://youtu.be/JGoCcFW2SoU
eymujr	1580803592	https://www.reddit.com/r/Coronavirus/comments/eymujr/current_coronavirus_cases_20639_confirmed_427/
eymt13	1580803333	https://www.thestar.com.my/news/nation/2020/02/04/china-tourists-in-sabah-want-out
eymsu3	1580803307	https://www.reddit.com/r/Coronavirus/comments/eymsu3/if_there_was_ever_a_time_to_seal_the_us_borders/
eymr4d	1580802997	https://headlinecode.com/pakistan-resumes-flights-to-china-seeks-medical-help/
eymqof	1580802923	https://viralximo.blogspot.com/2020/02/i-droni-che-rimproverano-chi-non.html
eymq36	1580802825	https://www.reddit.com/r/Coronavirus/comments/eymq36/propaganda_at_its_finest/
eympzp	1580802805	http://berita.rtm.gov.my/index.php/semasa/15057-dua-daripada-107-rakyat-malaysia-dari-wuhan-dihantar-ke-hkl-tidak-lepasi-tapisan-kesihatan
eympoa	1580802745	https://www.reddit.com/r/Coronavirus/comments/eympoa/macau_asked_to_close_the_casinos/
eympfn	1580802716	https://www.reddit.com/r/Coronavirus/comments/eympfn/chinese_goverment_admit_to_shortcomings_with/
eymotl	1580802607	https://www.reddit.com/r/Coronavirus/comments/eymotl/when_i_was_young_i_hardly_ever_got_sick_with/
eymosm	1580802603	https://youtu.be/spIXJy8KMPU
eymom7	1580802566	https://asia.nikkei.com/Spotlight/Coronavirus-outbreak/Coronavirus-deals-another-blow-to-troubled-China-film-industry
eymo46	1580802477	https://www.azibase.com/2020/02/japan-quarantines-3700-on-cruise-ship.html?m=1
eymntm	1580802423	https://www.reddit.com/r/Coronavirus/comments/eymntm/my_daughter_is_an_english_teacher_in_ho_chi_minh/
eymmqr	1580802224	https://www.thestar.com.my/news/nation/2020/02/04/first-malaysian-tests-positive-for-wuhan-coronavirus
eymlly	1580802019	https://www.zerohedge.com/health/creator-bioweapons-act-says-coronavirus-biological-warfare-weapon
eymkpw	1580801861	https://v.redd.it/kwqwrpwp1ve41
eymkco	1580801792	https://www.reddit.com/r/Coronavirus/comments/eymkco/coronavirus_would_peak_in_april_researchers/
eymied	1580801466	http://www.economo.co.uk/china-accuses-the-us-of-panic-over-coronavirus/
eymhmh	1580801323	https://www.reddit.com/r/Coronavirus/comments/eymhmh/why_dont_many_epidemiologists_support_travel_bans/
eymgrx	1580801179	https://www.reddit.com/r/Coronavirus/comments/eymgrx/why_dont_epidemiologists_support_travel_bans/
eymgak	1580801095	https://www.reddit.com/r/Coronavirus/comments/eymgak/western_food_practices_has_also_created_problems/
eymg0f	1580801042	https://www.reddit.com/r/Coronavirus/comments/eymg0f/2019ncov_does_not_just_cause_pneumonia_in_lungs/
eymdok	1580800668	https://www.reddit.com/r/Coronavirus/comments/eymdok/why_the_severe_response_from_china/
eymcmp	1580800483	https://www.youtube.com/watch?v=znUUbxznDV0
eymaml	1580800157	https://www.columbian.com/news/2020/feb/03/first-u-s-patient-with-virus-leaves-everett-hospital/
eymakh	1580800147	https://www.reddit.com/r/Coronavirus/comments/eymakh/thai_doctors_claim_to_have_found_effective/
eym9o8	1580800000	https://www.reddit.com/r/Coronavirus/comments/eym9o8/mass_grave_in_wuhan/
eym99y	1580799939	https://www.reddit.com/r/Coronavirus/comments/eym99y/vaccine_developed_in_thailand/
eym7x5	1580799754	https://i.redd.it/qwby9pervue41.jpg
eym786	1580799664	https://i.redd.it/j6nwm2ohvue41.jpg
eym6zo	1580799624	https://www.reddit.com/r/Coronavirus/comments/eym6zo/maybe_now_isnt_the_best_time/
eym5g5	1580799392	https://photos.app.goo.gl/wWgwufqGuVraW9hL8
eym33p	1580799053	https://www.reddit.com/r/Coronavirus/comments/eym33p/this_map_tracks_the_coronavirus_in_real_time/
eym2ae	1580798925	https://www.reddit.com/r/Coronavirus/comments/eym2ae/lets_say_if_the_virus_really_hit_up_and_everyone/
eym1ij	1580798802	https://twitter.com/evdefender/status/1223887384892313600
eym0ng	1580798665	https://www.reddit.com/r/Coronavirus/comments/eym0ng/first_belgian_case/
eylzf8	1580798493	https://www.nature.com/articles/srep39956
eylxj8	1580798219	https://www.reddit.com/r/Coronavirus/comments/eylxj8/nih_doctor_says_25_of_coronavirus_cases_in_china/
eylwlj	1580798082	https://www.npr.org/sections/goatsandsoda/2020/02/03/802392420/why-the-response-to-the-new-coronavirus-has-been-so-aggressive
eylw3s	1580798011	https://www.reddit.com/r/Coronavirus/comments/eylw3s/people_cant_work_to_pay_bills_if_they_have_to/
eylvsa	1580797969	https://www.reddit.com/r/Coronavirus/comments/eylvsa/3_people_in_new_york_have_it/
eylvs0	1580797967	https://corespirit.com/articles/d2591c-how-to-protect-yourself-from-coronavirus
eylvqz	1580797963	https://www.reddit.com/r/Coronavirus/comments/eylvqz/one_of_the_whos_stated_strategic_objectives_for/
eylv40	1580797875	https://www.dailymail.co.uk/news/article-7963137/A-Chinese-student-snuck-Australia-despite-coronavirus-ban-lying-immigration.html
eylu2q	1580797715	https://www.chawlamedicos.com/blog/things-you-should-know-about-corona-virus-chawla-medicos/
eylslr	1580797506	https://www.reddit.com/r/Coronavirus/comments/eylslr/alarming_rate_of_infection_should_all_china_be_in/
eyls4f	1580797434	https://www.google.com/amp/s/www.foxnews.com/health/coronavirus-evacuees-housed-california-texas-colorado-military-bases-air-force.amp
eylqzj	1580797288	https://www.reddit.com/r/Coronavirus/comments/eylqzj/sk_lady_second_h2h_transmission_from_within/
eylq1m	1580797155	https://youtu.be/rBkF9U1JuAs
eyloyg	1580796996	https://www.reddit.com/r/Coronavirus/comments/eyloyg/should_i_buy_n95_even_if_theyre_expensive_for_my/
eylnuf	1580796832	https://www.reddit.com/r/Coronavirus/comments/eylnuf/leaked_footage_inside_new_wuhan_hospital/
eyln8g	1580796737	https://www.reddit.com/r/Coronavirus/comments/eyln8g/will_it_get_bad_in_the_us/
eyln19	1580796709	https://www.reddit.com/r/Coronavirus/comments/eyln19/why_does_it_take_so_long_to_find_a_vaccine/
eyllns	1580796519	https://www.reddit.com/r/Coronavirus/comments/eyllns/gabriel_leung_of_hku_proven_correct_on_numbers/
eyll9a	1580796472	https://www.reddit.com/r/Coronavirus/comments/eyll9a/about_lifetime_of_facemasks_and_medium_facemask/
eyll6j	1580796460	https://v.redd.it/79go55vtlue41
eyll3p	1580796449	https://imgur.com/a/n6qStdm
eylkao	1580796343	https://www.reddit.com/r/Coronavirus/comments/eylkao/residents_of_wuhan_are_speaking_out/
eyljx8	1580796287	https://www.reddit.com/r/Coronavirus/comments/eyljx8/how_have_you_been_affected_by_this_virus_so_far/
eylif9	1580796094	https://www.reddit.com/r/Coronavirus/comments/eylif9/trip_to_walmart_left_me_feeling_racist/
eylgz4	1580795887	https://www.reddit.com/r/Coronavirus/comments/eylgz4/coronavirus_patient_investigation_form_english/
eylg22	1580795753	https://www.reddit.com/r/Coronavirus/comments/eylg22/north_america_sees_waves_of_the_flu_all_the_time/
eylfp7	1580795696	https://www.reddit.com/r/Coronavirus/comments/eylfp7/theory_governments_have_been_quiet_because_summer/
eylfoh	1580795693	https://www.reddit.com/r/Coronavirus/comments/eylfoh/do_you_think_china_knows_that_we_know_theyre_full/
eylbqr	1580795112	https://www.yahoo.com/news/china-says-ban-trade-wild-032742581.html
eylblh	1580795089	https://www.reddit.com/r/Coronavirus/comments/eylblh/i_was_curious_to_know_if_people_are_typically/
eylas0	1580794967	https://i.redd.it/u4ero0c9hue41.png
eyl9s7	1580794830	https://www.reddit.com/r/Coronavirus/comments/eyl9s7/graph_of_confirmed_cases_by_day/
eyl5go	1580794226	https://www.reddit.com/r/Coronavirus/comments/eyl5go/if_you_are_in_a_us_state_with_coronavirus_do_you/
eyl4xj	1580794149	https://i.redd.it/urjpcei3fue41.jpg
eyl43r	1580794035	https://www.reddit.com/r/Coronavirus/comments/eyl43r/tbh_in_the_age_of_all_these_cams_and_cell_phones/
eyl3p6	1580793980	https://i.redd.it/la3xxjbleue41.jpg
eyl2b2	1580793794	https://www.reddit.com/r/Coronavirus/comments/eyl2b2/wenzhou_is_in_lockdown/
eykzic	1580793415	https://twitter.com/evdefender/status/1223887384892313600
eykx23	1580793065	https://www.reddit.com/r/Coronavirus/comments/eykx23/predictions_how_bad_will_this_outbreak_be_will_it/
eykwt2	1580793026	https://www.truescoopnews.com/newsdetail/kerala-third-confirmed-case-of-coronavirus
eykvui	1580792899	https://www.reddit.com/r/Coronavirus/comments/eykvui/why_is_it_called_the_coronavirus/
eykvs0	1580792893	https://www.reddit.com/r/Coronavirus/comments/eykvs0/do_we_have_a_time_line_of_the_outbreak/
eyktb3	1580792561	https://www.reddit.com/r/Coronavirus/comments/eyktb3/usfk_imposes_selfquarantine_for_troops_returning/
eyksto	1580792492	https://www.reddit.com/r/Coronavirus/comments/eyksto/just_came_back_from_disneyland_with_a_cough/
eykqzy	1580792252	https://www.reddit.com/r/Coronavirus/comments/eykqzy/coronavirus_on_a_cruise_ship/
eykpjo	1580792070	https://www.reddit.com/r/Coronavirus/comments/eykpjo/true_numbers_are_far_far_from_whats_reported/
eykp6b	1580792023	https://www.reddit.com/r/Coronavirus/comments/eykp6b/promising_numbers_for_coronavirus_v2/
eykp5p	1580792020	https://www.reddit.com/r/Coronavirus/comments/eykp5p/package_from_wuhan/
eykokq	1580791937	https://www.reddit.com/r/Coronavirus/comments/eykokq/premonition_about_respiratory_virus/
eykojr	1580791935	https://i.redd.it/lway6f9h8ue41.jpg
eyko12	1580791872	https://i.redd.it/ru1yqyua8ue41.jpg
eykmmn	1580791678	https://www.reddit.com/r/Coronavirus/comments/eykmmn/which_is_the_best_way_to_estimate_the_mortality/
eyklhu	1580791521	https://topicsfeed.com/a-german-study-showed-that-the-coronavirus-can-spread-before-the-symptoms-show-on-an-infected-person/
eykl56	1580791473	https://imgur.com/a/uuqRphI
eykjv6	1580791311	https://www.reddit.com/r/Coronavirus/comments/eykjv6/comparison_between_2019_coronavirus_and_2003_sars/
eykjef	1580791251	https://i.redd.it/vm5p5zl86ue41.png
eykdr0	1580790512	https://www.reddit.com/r/Coronavirus/comments/eykdr0/this_information_is_very_important_on_coronavirus/
eykdfn	1580790471	https://youtu.be/WiNY9WvLxJE
eykczl	1580790412	https://m.youtube.com/watch?v=sMWgM7H6KEI&amp;t=4s
eykaqr	1580790132	https://www.reddit.com/r/Coronavirus/comments/eykaqr/fox_news_reporting_chinese_are_overwhelmed_and/
eykahy	1580790101	https://www.reddit.com/r/Coronavirus/comments/eykahy/chinese_doctor_arrested_for_telling_the_truth/
eyk95u	1580789922	https://www.youtube.com/watch?v=h0T8EouAoCY
eyk7lz	1580789714	https://www.smh.com.au/world/asia/no-sign-of-getting-better-china-to-punish-officials-resisting-coronavirus-orders-20200204-p53xlc.html
eyk5h6	1580789433	https://www.reddit.com/r/Coronavirus/comments/eyk5h6/chinese_media_from_us_reporting_on_the_real_truth/
eyk4a9	1580789283	https://www.reddit.com/r/Coronavirus/comments/eyk4a9/watch_pandemic_2020_on_netflix/
eyk3ng	1580789192	https://headlinecode.com/hong-kong-medical-workers-resign-from-their-jobs-demand-border-closer/
eyk3jo	1580789179	https://i.redd.it/56wwmec20ue41.png
eyk2tg	1580789084	https://www.reddit.com/r/Coronavirus/comments/eyk2tg/wuhan_virus_journalists_and_the_truth/
eyk0ze	1580788867	https://www.nature.com/articles/nm.3985
eyk02z	1580788750	https://www.youtube.com/watch?v=E11dm0b14G4&amp;feature=share
eyjzd8	1580788657	https://www.reddit.com/r/Coronavirus/comments/eyjzd8/for_people_worrying_about_a_quarantine_and_what/
eyjz5q	1580788634	https://www.reddit.com/r/Coronavirus/comments/eyjz5q/big_data_and_machine_learning_to_study_coronvirus/
eyjyyr	1580788606	https://www.reddit.com/r/Coronavirus/comments/eyjyyr/fact_check_the_coronavirus_is_a_form_of/
eyjywy	1580788599	https://www.reddit.com/r/Coronavirus/comments/eyjywy/i_believe_in_all_of_us_humans_well_get_through/
eyjyig	1580788558	https://www.reddit.com/r/Coronavirus/comments/eyjyig/what_is_the_real_infectiondeath_toll/
eyjwhr	1580788292	https://v.redd.it/pyzfxqqjxte41
eyjw1y	1580788241	https://www.reddit.com/r/Coronavirus/comments/eyjw1y/does_this_epidemic_ironically_solve_demographic/
eyjv8h	1580788137	https://www.youtube.com/watch?v=kF_x2F0gagw&amp;feature=youtu.be
eyjtqc	1580787943	https://www.reddit.com/r/Coronavirus/comments/eyjtqc/if_21_if_the_death_toll_is_31_the_recovery_rate/
eyjthq	1580787911	https://youtu.be/Wq33oZdQ-R4
eyjt6o	1580787868	https://i.redd.it/5tr1rgkcwte41.png
eyjsf0	1580787771	https://www.reddit.com/r/Coronavirus/comments/eyjsf0/does_the_coronavirus_really_have_a_lethality_rate/
eyjrpb	1580787678	https://www.reddit.com/r/Coronavirus/comments/eyjrpb/cases_inside_wuhan_hubei_province_vs_cases_in_the/
eyjr65	1580787612	https://youtu.be/5jhwyAsZAvo
eyjqnq	1580787546	https://www.reddit.com/r/Coronavirus/comments/eyjqnq/the_related_cvirus_discord_chat_in_the_sidebar/
eyjq3g	1580787474	https://www.reddit.com/r/Coronavirus/comments/eyjq3g/i_bet_the_average_north_korean_is_feeling_lucky/
eyjlhy	1580786904	http://wxii12.com/article/north-carolina-helpline-coronavirus-health/30755241?src=app
eyjjli	1580786669	https://www.reddit.com/r/Coronavirus/comments/eyjjli/daily_sharingwhat_happens_in_china_now/
eyjgw6	1580786335	https://youtu.be/feGHmv_eDcw
eyjfry	1580786193	https://www.google.com/amp/s/www.nbcnewyork.com/news/local/more-than-100-princeton-university-students-self-quarantine-after-trips-to-china/2276854/%3famp
eyjes7	1580786067	https://www.reddit.com/r/Coronavirus/comments/eyjes7/coronavirus_a_simple_way_to_remember_and_protect/
eyjdnx	1580785927	https://www.reddit.com/r/Coronavirus/comments/eyjdnx/what_is_the_internets_consensus_on_china_stealing/
eyjd92	1580785874	https://imgur.com/a/dzvwT5P
eyjcwo	1580785830	https://i.redd.it/avnq0zlcqte41.jpg
eyjbpj	1580785689	https://i.redd.it/du5ogpwxpte41.jpg
eyja49	1580785494	https://i.redd.it/g4s60a6xote41.jpg
eyj8u7	1580785342	https://www.reddit.com/r/Coronavirus/comments/eyj8u7/any_estimation_for_how_far_itll_spread_and_how/
eyj7go	1580785175	https://www.youtube.com/watch?v=Oq1SAGQTzm8&amp;list=PLb6g-VebhVZx-lg6GwEFeytP8up6fCbzE&amp;index=2
eyj4fs	1580784812	https://v.redd.it/8xz2p4bdgte41
eyj41q	1580784766	https://i.redd.it/gmfhjj17nte41.jpg
eyj41d	1580784763	https://www.reddit.com/r/Coronavirus/comments/eyj41d/a_sarslike_cluster_of_circulating_bat/
eyj37u	1580784669	https://www.thedp.com/article/2020/02/coronavirus-wuhan-penn-students-travel-trump-ban?utm_source=DP+Headlines+%26+Breaking+News&amp;utm_campaign=eee4993f87-EMAIL_CAMPAIGN_2020_01_31_08_38&amp;utm_medium=email&amp;utm_term=0_370b4800ba-eee4993f87-354733089
eyj2u7	1580784625	https://i.redd.it/at78xryrmte41.jpg
eyj2nx	1580784603	https://www.scmp.com/news/hong-kong/health-environment/article/3048839/coronavirus-hong-kong-confirms-first-death-39
eyj1zi	1580784515	https://www.scmp.com/news/china/society/article/3048748/not-one-four-tests-later-chinese-man-finally-confirmed
eyiwww	1580783896	https://onlyscoop.com/news/thai-doctors-discover-a-promising-treatment-for-coronavirus-213
eyiwi6	1580783847	http://m.koreaherald.com/view.php?ud=20200204000307
eyiwfa	1580783837	https://www.reddit.com/r/Coronavirus/comments/eyiwfa/i_had_hope/
eyiwef	1580783834	https://www.youtube.com/watch?v=OFuVdelrkIc
eyirn0	1580783294	https://www.bloomberg.com/news/articles/2020-02-02/china-vows-to-support-market-u-s-limits-flights-virus-update?cmpid=BBD020320_CUS&amp;utm_medium=email&amp;utm_source=newsletter&amp;utm_term=200203&amp;utm_campaign=closeamericas
eyir94	1580783248	https://www.youtube.com/watch?v=YL4Cns-Ubyc&amp;feature=youtu.be
eyiq87	1580783135	https://www.reddit.com/r/Coronavirus/comments/eyiq87/bloomberg_is_reporting_first_death_from/
eyipv5	1580783091	https://www.reddit.com/r/Coronavirus/comments/eyipv5/im_alone_at_the_emergency_centre_in_a_hospital/
eyipe4	1580783034	https://www.reddit.com/r/Coronavirus/comments/eyipe4/if_you_spend_time_in_china_flu_theyll_have_you/
eyimub	1580782729	https://www.reddit.com/r/Coronavirus/comments/eyimub/green_shoots_the_spread_of_the_virus_appears_to/
eyikh9	1580782441	https://www.reddit.com/r/Coronavirus/comments/eyikh9/are_numbers_from_other_provinces_and_large_cities/
eyij7j	1580782286	https://i.redd.it/vu641bxrfte41.jpg
eyiiuf	1580782241	https://v.redd.it/cln5xqjsdte41
eyiish	1580782235	https://www.reddit.com/r/Coronavirus/comments/eyiish/sars_had_a_mortality_rate_of_96_percent_and_about/
eyihsy	1580782116	https://i.redd.it/xk4hh4pxete41.png
eyighy	1580781961	https://www.reddit.com/r/Coronavirus/comments/eyighy/so_if_there_is_no_cure_for_this_virus_and_its/
eyigcx	1580781944	https://onlyscoop.com/news/kerala-government-declares-coronavirus-as-state-calamity-212
eyigc7	1580781941	https://www.reddit.com/r/Coronavirus/comments/eyigc7/has_anyone_kept_track_of_the_cities_and/
eyifwi	1580781891	https://www.reddit.com/r/Coronavirus/comments/eyifwi/recently_located_to_a_home_with_2_huge_gardens/
eyifv3	1580781885	https://www.reddit.com/r/Coronavirus/comments/eyifv3/why_do_people_keep_citing_the_nipah_virus_and/
eyife8	1580781829	https://www.reddit.com/r/Coronavirus/comments/eyife8/doomsday_prepping/
eyido1	1580781636	https://www.reddit.com/r/Coronavirus/comments/eyido1/todays_coronavirus_stats_trends_largest_number_of/
eyiddr	1580781603	https://www.reddit.com/r/Coronavirus/comments/eyiddr/is_chris_martenson_from_peak_prosperity_a/
eyid7g	1580781582	https://www.reddit.com/r/Coronavirus/comments/eyid7g/how_many_cases_in_the_us/
eyi9en	1580781146	https://www.reddit.com/r/Coronavirus/comments/eyi9en/is_anyone_not_east_asian_getting_infected/
eyi80v	1580780985	https://www.reddit.com/r/Coronavirus/comments/eyi80v/lets_see_the_recovered_people/
eyi5f0	1580780667	https://i.redd.it/rnybigtzate41.jpg
eyi47y	1580780535	https://www.reddit.com/r/Coronavirus/comments/eyi47y/is_it_safe_to_order_masks_online/
eyi46d	1580780530	https://www.reddit.com/r/Coronavirus/comments/eyi46d/im_from_india_should_i_start_taking_precautions/
eyi2b0	1580780294	https://www.reddit.com/r/Coronavirus/comments/eyi2b0/as_many_as_100_princeton_university_students/
eyi253	1580780276	https://www.reddit.com/r/Coronavirus/comments/eyi253/spreading_through_online_orders_within_america/
eyi13t	1580780144	https://www.reddit.com/r/Coronavirus/comments/eyi13t/after_indian_scientists_now_chinese_researchers/
eyi0t7	1580780108	https://www.reddit.com/r/Coronavirus/comments/eyi0t7/would_an_pneumonia_vaccine_help_against_the_virus/
eyhzvw	1580780001	https://youtu.be/G5VGPYtbTk8
eyhzrz	1580779991	https://www.reddit.com/r/Coronavirus/comments/eyhzrz/after_indian_scientists_now_chinese_scientists/
eyhv5f	1580779439	https://gisanddata.maps.arcgis.com/apps/opsdashboard/index.html?fbclid=IwAR3fDZWdOxbip5kQv9fAl1MH4i8gyrZNY0xWeEf5AQNUnSj737-Qutnob0Y#/bda7594740fd40299423467b48e9ecf6
eyhug3	1580779354	https://youtu.be/wvO04DijxvM
eyhubh	1580779340	https://www.reddit.com/r/Coronavirus/comments/eyhubh/secret_info_about_the_virus/
eyhtm3	1580779260	https://www.reddit.com/r/Coronavirus/comments/eyhtm3/will_it_fizzle_out_by_summer/
eyhru5	1580779039	https://www.reddit.com/r/Coronavirus/comments/eyhru5/quiz_your_awareness_on_coronavirus/
eyhqb2	1580778850	https://www.reddit.com/r/Coronavirus/comments/eyhqb2/more_evidence_of_bioengineered_coronavirus/
eyhp47	1580778705	https://youtu.be/7yVI5PbtmJ0
eyhnbw	1580778476	https://www.reddit.com/r/Coronavirus/comments/eyhnbw/question_can_the_coronavirus_and_the_h5n1/
eyhmzt	1580778424	https://www.reddit.com/r/Coronavirus/comments/eyhmzt/critical_counts/
eyhljt	1580778238	https://www.reddit.com/r/Coronavirus/comments/eyhljt/missing_16574_people/
eyhjrz	1580778026	https://www.reddit.com/r/Coronavirus/comments/eyhjrz/why_is_nobody_talking_about_recovered_people/
eyhjmp	1580778007	https://www.reddit.com/r/Coronavirus/comments/eyhjmp/livestream_coronavirus_patients_move_into/
eyhivu	1580777913	https://www.reddit.com/r/Coronavirus/comments/eyhivu/martial_law_and_fires/
eyhhm0	1580777759	https://www.reddit.com/r/Coronavirus/comments/eyhhm0/seattle_patient_recovery_is_there_any_word_on_his/
eyhgh3	1580777624	https://www.reddit.com/r/Coronavirus/comments/eyhgh3/i_live_in_a_populous_chinese_city_and_i_noticed_a/
eyh8f7	1580776641	https://www.reddit.com/r/Coronavirus/comments/eyh8f7/with_the_recent_premiere_of_its_pandemic/
eyh7c9	1580776510	https://www.newsdeskindia.com/news/technology/5-Important-Facts-You-Should-Know-About-the-Coronavirus.html
eyh769	1580776489	https://www.reddit.com/r/Coronavirus/comments/eyh769/i_dont_think_the_virus_has_suddenly_increased_in/
eyh6tl	1580776453	https://i.imgur.com/rX96V4D.jpg
eyh6pq	1580776439	https://www.biorxiv.org/content/10.1101/2020.01.28.922922v2
eyh5gi	1580776291	https://www.reddit.com/r/Coronavirus/comments/eyh5gi/recoveries_633_are_stacking_faster_than_deaths/
eyh3qi	1580776085	https://www.reddit.com/r/Coronavirus/comments/eyh3qi/how_worried_should_we_be_about_this/
eyh2l4	1580775953	https://youtu.be/7y2f7DZZbWM
eyh2iz	1580775946	https://www.reddit.com/r/Coronavirus/comments/eyh2iz/how_does_novel_corona_affect_people_with_asthma/
eyh1w7	1580775873	https://www.reddit.com/r/Coronavirus/comments/eyh1w7/i_attend_the_university_of_york_in_the_town_where/
eyh1es	1580775819	https://www.sciencemag.org/news/2020/02/paper-non-symptomatic-patient-transmitting-coronavirus-wrong
eyh01q	1580775665	https://www.reddit.com/r/Coronavirus/comments/eyh01q/soshould_i_just_go_ahead_and_get_myself_infected/
eygxlc	1580775381	https://www.reddit.com/r/Coronavirus/comments/eygxlc/so_do_respirators_work_against_this_virus_or_not/
eygwm9	1580775257	https://www.reddit.com/r/Coronavirus/comments/eygwm9/watched_the_movie_outbreak_from_1995_still_holds/
eygwc3	1580775223	https://www.reddit.com/r/Coronavirus/comments/eygwc3/spread/
eygw7f	1580775206	https://www.reddit.com/r/Coronavirus/comments/eygw7f/new_update_20636_cases_thats_an_increase_of_3200/
eygvmz	1580775135	https://www.reddit.com/r/Coronavirus/comments/eygvmz/testing_to_see_if_i_can_post/
eygusq	1580775025	https://www.reddit.com/r/Coronavirus/comments/eygusq/does_having_a_very_strong_immune_system_and_good/
eygu4g	1580774946	https://www.reddit.com/r/Coronavirus/comments/eygu4g/novel_corona_virus_survey_8_minutes/
eygsr4	1580774787	https://www.reddit.com/r/Coronavirus/comments/eygsr4/current_coronavirus_cases_20626_confirmed_426/
eygqpn	1580774537	https://www.reddit.com/r/Coronavirus/comments/eygqpn/global_corona_virus_dashboard/
eygq8s	1580774481	https://i.redd.it/9a1zn05esse41.png
eygin3	1580773650	https://www.reddit.com/r/Coronavirus/comments/eygin3/should_i_travel_to_the_uk/
eygfbj	1580773275	https://www.reddit.com/r/Coronavirus/comments/eygfbj/some_experts_on_the_ground_are_saying_that/
eygdyu	1580773133	https://www.reddit.com/r/Coronavirus/comments/eygdyu/if_there_is_a_vaccine_for_coronavirus_would_they/
eygdem	1580773078	https://www.reddit.com/r/Coronavirus/comments/eygdem/fuck_the_ccp_they_are_the_only_ones_to_blame_for/
eygded	1580773077	https://www.reddit.com/r/Coronavirus/comments/eygded/so_china_can_shut_down_their_crossings_but_the/
eygbhp	1580772870	https://v.redd.it/v1jxlxoonse41
eyg6kn	1580772340	https://www.reddit.com/r/Coronavirus/comments/eyg6kn/i_dont_know_what_corona_virus_is_help/
eyg38n	1580771993	https://www1.racgp.org.au/newsgp/clinical/coronavirus-criteria-expands-as-case-numbers-grow
eyg2ga	1580771906	https://www.youtube.com/watch?v=6j7xWLjHpew
eyfxly	1580771369	https://twitter.com/emrjackson/status/1224186360212279296?s=09
eyfxfz	1580771352	https://www.reddit.com/r/Coronavirus/comments/eyfxfz/please_read_a_unique_factor_for_why_containing/
eyfx3r	1580771316	https://i.redd.it/8ecntt87jse41.jpg
